# Execution with input file: weak_scaling_NP16.mtx, NPROCS: 16, SELECTED MODE: 1D CYCLIC PARTITIONING
# Execution_time[ms], avgNNZ, maxNNZ, minNNZ, GFLOPS, Comm_time[ms], Peak_memory_footprint[MB]
3.247976,400000,400000,400000,3.940915,12976.011753,249.45
3.387690,400000,400000,400000,3.778386,3390.131474,250.18
3.207922,400000,400000,400000,3.990122,3313.863993,249.94
3.315687,400000,400000,400000,3.860437,3372.935534,250.17
3.269434,400000,400000,400000,3.915051,3354.710579,250.30
3.260136,400000,400000,400000,3.926217,3378.702879,249.89
3.257513,400000,400000,400000,3.929378,3329.479933,249.62
3.207684,400000,400000,400000,3.990419,3337.654829,261.94
3.277302,400000,400000,400000,3.905652,3407.655954,250.49
3.189564,400000,400000,400000,4.013088,3348.628998,250.16
3.066778,400000,400000,400000,4.173761,3369.966269,248.74
3.280401,400000,400000,400000,3.901962,3404.620409,249.79
3.149509,400000,400000,400000,4.064125,3371.315956,250.58
3.290653,400000,400000,400000,3.889805,3383.227348,248.88
3.065586,400000,400000,400000,4.175384,3373.473406,249.37
3.191710,400000,400000,400000,4.010390,3403.420687,249.70
3.333569,400000,400000,400000,3.839729,3372.832537,260.88
3.286600,400000,400000,400000,3.894602,3348.620892,250.26
3.277302,400000,400000,400000,3.905652,3303.428888,249.95
3.258228,400000,400000,400000,3.928515,3358.503342,249.07
3.250837,400000,400000,400000,3.937447,3260.728598,250.44
3.361225,400000,400000,400000,3.808135,3367.376089,250.42
3.253937,400000,400000,400000,3.933697,3353.159189,249.14
3.220081,400000,400000,400000,3.975055,3301.389933,249.02
3.376484,400000,400000,400000,3.790926,3342.104197,249.15
3.205538,400000,400000,400000,3.993090,3376.754045,250.48
3.122091,400000,400000,400000,4.099816,3313.095570,250.10
3.264666,400000,400000,400000,3.920769,3341.423273,250.49
3.224611,400000,400000,400000,3.969471,3300.247669,248.64
3.273726,400000,400000,400000,3.909919,3309.318542,249.19
3.293037,400000,400000,400000,3.886989,3325.328588,249.60
3.307581,400000,400000,400000,3.869898,3402.157307,250.50
3.321171,400000,400000,400000,3.854063,3298.689127,250.18
3.361702,400000,400000,400000,3.807595,3346.074820,249.60
3.369808,400000,400000,400000,3.798436,3438.318729,248.86
3.068447,400000,400000,400000,4.171491,3443.261623,250.37
3.268242,400000,400000,400000,3.916479,3311.849833,249.40
3.244877,400000,400000,400000,3.944680,3351.842642,249.38
3.251076,400000,400000,400000,3.937158,3288.294792,249.56
3.156662,400000,400000,400000,4.054916,3313.939095,250.34
3.211498,400000,400000,400000,3.985679,3356.206179,249.98
3.292561,400000,400000,400000,3.887552,3308.602571,250.34
3.321886,400000,400000,400000,3.853233,3385.775805,250.31
3.257036,400000,400000,400000,3.929953,3343.966246,248.74
3.314972,400000,400000,400000,3.861270,3309.300423,249.99
3.022671,400000,400000,400000,4.234666,3359.555721,249.20
3.144979,400000,400000,400000,4.069979,3341.941357,249.42
3.339291,400000,400000,400000,3.833149,3391.375065,249.68
3.180265,400000,400000,400000,4.024821,3309.286118,249.71
3.332376,400000,400000,400000,3.841103,3368.994236,249.75
3.264666,400000,400000,400000,3.920769,3320.202589,261.07
3.204823,400000,400000,400000,3.993981,3382.440805,249.31
2.984524,400000,400000,400000,4.288791,3360.161781,248.76
3.220081,400000,400000,400000,3.975055,3365.274191,249.40
3.081799,400000,400000,400000,4.153419,3419.043064,249.98
3.270388,400000,400000,400000,3.913909,3351.195097,249.91
3.225803,400000,400000,400000,3.968004,3375.474691,248.61
3.309250,400000,400000,400000,3.867946,3296.775818,249.58
3.283262,400000,400000,400000,3.898562,3351.382732,249.70
3.275156,400000,400000,400000,3.908211,3328.048706,249.09
3.236771,400000,400000,400000,3.954559,3356.703281,250.50
3.345966,400000,400000,400000,3.825502,3433.432341,250.48
3.242016,400000,400000,400000,3.948161,3303.447485,260.79
3.248692,400000,400000,400000,3.940048,3320.448399,249.38
3.118038,400000,400000,400000,4.105145,3347.563505,261.60
3.250599,400000,400000,400000,3.937736,3290.934086,249.14
3.341436,400000,400000,400000,3.830688,3351.572990,260.38
3.255129,400000,400000,400000,3.932256,3335.815907,249.09
3.210545,400000,400000,400000,3.986863,3305.109739,249.61
3.225803,400000,400000,400000,3.968004,3299.079180,250.23
3.142118,400000,400000,400000,4.073685,3382.632256,249.57
3.325939,400000,400000,400000,3.848537,3305.123329,248.97
3.230095,400000,400000,400000,3.962732,3316.701174,249.39
3.306866,400000,400000,400000,3.870735,3363.031149,249.16
3.278017,400000,400000,400000,3.904800,3346.059322,249.77
3.227234,400000,400000,400000,3.966245,3341.934443,249.07
2.987385,400000,400000,400000,4.284684,3355.776548,249.11
3.201723,400000,400000,400000,3.997847,3308.496475,249.72
3.297329,400000,400000,400000,3.881930,3356.058121,250.36
3.204107,400000,400000,400000,3.994872,3353.698730,249.15
3.318548,400000,400000,400000,3.857108,3404.145718,250.48
3.285170,400000,400000,400000,3.896298,3350.656271,250.18
3.317595,400000,400000,400000,3.858217,3314.268589,249.30
3.267527,400000,400000,400000,3.917336,3383.908033,249.28
3.197193,400000,400000,400000,4.003512,3377.871275,250.38
3.297806,400000,400000,400000,3.881369,3387.100935,249.97
3.262043,400000,400000,400000,3.923921,3348.018885,248.89
3.068209,400000,400000,400000,4.171815,3445.527077,249.86
3.225327,400000,400000,400000,3.968590,3382.953405,250.36
3.144503,400000,400000,400000,4.070596,3320.548296,250.25
3.216982,400000,400000,400000,3.978885,3377.441406,249.62
3.208399,400000,400000,400000,3.989529,3339.532614,261.03
3.175735,400000,400000,400000,4.030562,3340.161085,262.58
3.162146,400000,400000,400000,4.047884,3320.595503,250.46
3.181458,400000,400000,400000,4.023313,3303.718567,250.31
3.015995,400000,400000,400000,4.244039,3371.208191,250.09
3.225803,400000,400000,400000,3.968004,3319.471598,250.04
3.037691,400000,400000,400000,4.213727,3326.776505,250.32
3.149271,400000,400000,400000,4.064433,3249.982357,248.68
3.098249,400000,400000,400000,4.131365,3384.970903,250.13
# End of Execution
