matrix,scheduling,memory,threads,cache_misses_percent,l1_misses_percent,llc_misses_percent
c-46,dynamic,128GB,1,8.02,5.745,17.439
c-46,dynamic,128GB,2,37.733,5.749,51.99
c-46,dynamic,128GB,4,54.169,5.753,67.203
c-46,dynamic,128GB,8,35.449,5.757,34.252
c-46,dynamic,128GB,16,26.286,5.758,23.31
c-46,dynamic,128GB,32,21.61,5.754,17.284
c-46,dynamic,128GB,64,22.83,5.733,18.821
c-46,dynamic,32GB,1,5.55,5.75,20.583
c-46,dynamic,32GB,2,39.932,5.749,51.195
c-46,dynamic,32GB,4,53.422,5.754,67.544
c-46,dynamic,32GB,8,37.877,5.756,30.997
c-46,dynamic,32GB,16,28.166,5.757,22.374
c-46,dynamic,32GB,32,20.506,5.753,15.55
c-46,dynamic,32GB,64,24.561,5.583,17.902
c-46,dynamic,64GB,1,3.03,5.746,8.03
c-46,dynamic,64GB,2,45.142,5.754,78.988
c-46,dynamic,64GB,4,56.468,5.758,84.838
c-46,dynamic,64GB,8,41.169,5.762,50.968
c-46,dynamic,64GB,16,32.342,5.765,35.817
c-46,dynamic,64GB,32,26.717,5.766,28.1
c-46,dynamic,64GB,64,22.662,5.755,17.112
c-46,guided,128GB,1,3.588,5.747,14.407
c-46,guided,128GB,2,6.464,5.747,9.362
c-46,guided,128GB,4,11.948,5.747,23.68
c-46,guided,128GB,8,10.555,5.747,19.475
c-46,guided,128GB,16,15.793,5.748,27.97
c-46,guided,128GB,32,14.584,5.746,22.867
c-46,guided,128GB,64,17.424,5.741,20.403
c-46,guided,32GB,1,5.514,5.748,20.918
c-46,guided,32GB,2,10.508,5.748,29.995
c-46,guided,32GB,4,14.19,5.748,33.106
c-46,guided,32GB,8,15.636,5.746,19.641
c-46,guided,32GB,16,14.924,5.744,19.806
c-46,guided,32GB,32,10.972,5.746,13.686
c-46,guided,32GB,64,16.532,5.741,18.251
c-46,guided,64GB,1,2.168,5.747,3.891
c-46,guided,64GB,2,6.338,5.747,10.777
c-46,guided,64GB,4,11.671,5.747,21.319
c-46,guided,64GB,8,14.991,5.748,28.449
c-46,guided,64GB,16,14.649,5.748,24.327
c-46,guided,64GB,32,14.934,5.746,20.804
c-46,guided,64GB,64,16.978,5.742,20.11
c-46,static,128GB,1,1.619,5.747,3.861
c-46,static,128GB,2,10.693,5.748,12.106
c-46,static,128GB,4,18.13,5.748,35.501
c-46,static,128GB,8,14.349,5.747,24.776
c-46,static,128GB,16,13.85,5.746,24.096
c-46,static,128GB,32,12.777,5.74,21.093
c-46,static,128GB,64,11.288,5.714,17.325
c-46,static,32GB,1,6.465,5.748,26.955
c-46,static,32GB,2,12.958,5.747,27.031
c-46,static,32GB,4,18.697,5.747,40.654
c-46,static,32GB,8,16.059,5.747,35.226
c-46,static,32GB,16,15.564,5.745,32.676
c-46,static,32GB,32,14.065,5.739,28.366
c-46,static,32GB,64,15.943,5.739,26.671
c-46,static,64GB,1,5.956,5.747,20.167
c-46,static,64GB,2,13.89,5.747,27.968
c-46,static,64GB,4,20.596,5.747,41.54
c-46,static,64GB,8,18.231,5.748,36.276
c-46,static,64GB,16,17.745,5.747,35.515
c-46,static,64GB,32,16.146,5.746,29.918
c-46,static,64GB,64,14.669,5.738,23.566
epb1,dynamic,128GB,1,6.502,5.395,24.212
epb1,dynamic,128GB,2,42.193,5.399,43.653
epb1,dynamic,128GB,4,58.282,5.404,58.907
epb1,dynamic,128GB,8,39.933,5.407,27.322
epb1,dynamic,128GB,16,27.698,5.408,16.768
epb1,dynamic,128GB,32,23.226,5.405,16.095
epb1,dynamic,128GB,64,20.488,5.207,14.144
epb1,dynamic,32GB,1,6.798,5.403,21.895
epb1,dynamic,32GB,2,43.691,5.399,45.043
epb1,dynamic,32GB,4,60.513,5.404,61.352
epb1,dynamic,32GB,8,39.129,5.407,27.461
epb1,dynamic,32GB,16,28.209,5.408,18.567
epb1,dynamic,32GB,32,22.766,5.405,14.085
epb1,dynamic,32GB,64,20.87,5.26,14.912
epb1,dynamic,64GB,1,0.727,5.396,1.504
epb1,dynamic,64GB,2,41.298,5.4,39.724
epb1,dynamic,64GB,4,65.185,5.41,84.501
epb1,dynamic,64GB,8,45.064,5.414,48.47
epb1,dynamic,64GB,16,32.786,5.417,31.276
epb1,dynamic,64GB,32,27.734,5.418,24.269
epb1,dynamic,64GB,64,21.74,5.408,14.621
epb1,guided,128GB,1,1.166,5.397,3.669
epb1,guided,128GB,2,4.892,5.398,4.585
epb1,guided,128GB,4,10.312,5.398,11.991
epb1,guided,128GB,8,11.282,5.397,13.652
epb1,guided,128GB,16,16.97,5.399,22.062
epb1,guided,128GB,32,16.951,5.397,19.848
epb1,guided,128GB,64,17.997,5.392,17.258
epb1,guided,32GB,1,6.531,5.396,25.684
epb1,guided,32GB,2,10.7,5.396,28.267
epb1,guided,32GB,4,9.862,5.398,12.455
epb1,guided,32GB,8,12.866,5.398,14.281
epb1,guided,32GB,16,15.529,5.398,18.066
epb1,guided,32GB,32,16.232,5.398,18.928
epb1,guided,32GB,64,19.018,5.393,19.206
epb1,guided,64GB,1,1.31,5.398,4.056
epb1,guided,64GB,2,5.368,5.398,4.886
epb1,guided,64GB,4,8.704,5.397,11.531
epb1,guided,64GB,8,15.08,5.399,22.037
epb1,guided,64GB,16,15.027,5.398,18.02
epb1,guided,64GB,32,16.181,5.398,18.969
epb1,guided,64GB,64,17.638,5.393,16.664
epb1,static,128GB,1,0.898,5.397,3.053
epb1,static,128GB,2,10.181,5.398,7.316
epb1,static,128GB,4,22.52,5.398,31.198
epb1,static,128GB,8,17.189,5.398,21.158
epb1,static,128GB,16,17.875,5.397,20.239
epb1,static,128GB,32,14.615,5.392,15.831
epb1,static,128GB,64,14.537,5.369,15.893
epb1,static,32GB,1,3.952,5.398,12.763
epb1,static,32GB,2,9.829,5.397,6.708
epb1,static,32GB,4,24.282,5.398,33.526
epb1,static,32GB,8,18.398,5.398,23.887
epb1,static,32GB,16,16.876,5.397,19.821
epb1,static,32GB,32,15.844,5.392,18.834
epb1,static,32GB,64,18.502,5.391,20.863
epb1,static,64GB,1,0.738,5.397,1.832
epb1,static,64GB,2,13.599,5.398,23.951
epb1,static,64GB,4,22.773,5.398,29.555
epb1,static,64GB,8,26.043,5.398,36.975
epb1,static,64GB,16,21.407,5.398,26.474
epb1,static,64GB,32,18.655,5.397,23.128
epb1,static,64GB,64,16.3,5.39,15.901
fd12,dynamic,128GB,1,10.877,4.314,14.772
fd12,dynamic,128GB,2,43.907,4.33,10.549
fd12,dynamic,128GB,4,53.082,4.345,14.839
fd12,dynamic,128GB,8,42.599,4.344,24.07
fd12,dynamic,128GB,16,29.26,4.351,15.593
fd12,dynamic,128GB,32,21.402,4.339,11.423
fd12,dynamic,128GB,64,18.752,3.628,10.708
fd12,dynamic,32GB,1,8.445,4.32,14.424
fd12,dynamic,32GB,2,50.756,4.318,36.893
fd12,dynamic,32GB,4,62.793,4.333,42.361
fd12,dynamic,32GB,8,42.882,4.342,25.357
fd12,dynamic,32GB,16,28.644,4.351,15.082
fd12,dynamic,32GB,32,21.517,4.341,11.189
fd12,dynamic,32GB,64,18.387,3.493,9.927
fd12,dynamic,64GB,1,7.955,4.32,13.826
fd12,dynamic,64GB,2,44.862,4.318,26.903
fd12,dynamic,64GB,4,63.28,4.332,44.279
fd12,dynamic,64GB,8,42.623,4.342,24.34
fd12,dynamic,64GB,16,28.008,4.353,12.91
fd12,dynamic,64GB,32,20.794,4.345,10.357
fd12,dynamic,64GB,64,17.369,4.261,8.936
fd12,guided,128GB,1,1.347,4.311,1.764
fd12,guided,128GB,2,6.706,4.311,5.1
fd12,guided,128GB,4,17.485,4.311,20.013
fd12,guided,128GB,8,16.09,4.313,18.048
fd12,guided,128GB,16,15.838,4.312,16.987
fd12,guided,128GB,32,20.471,4.318,22.411
fd12,guided,128GB,64,18.818,4.303,17.622
fd12,guided,32GB,1,3.563,4.326,5.883
fd12,guided,32GB,2,31.87,4.325,46.162
fd12,guided,32GB,4,58.665,4.313,71.211
fd12,guided,32GB,8,17.008,4.322,18.26
fd12,guided,32GB,16,15.941,4.318,16.649
fd12,guided,32GB,32,15.024,4.315,15.578
fd12,guided,32GB,64,16.179,4.22,15.146
fd12,guided,64GB,1,2.15,4.31,3.299
fd12,guided,64GB,2,7.296,4.311,5.795
fd12,guided,64GB,4,16.315,4.312,17.637
fd12,guided,64GB,8,22.834,4.317,26.936
fd12,guided,64GB,16,19.69,4.32,21.081
fd12,guided,64GB,32,17.734,4.319,18.195
fd12,guided,64GB,64,17.722,4.303,16.227
fd12,static,128GB,1,1.182,4.31,1.473
fd12,static,128GB,2,12.419,4.312,6.729
fd12,static,128GB,4,27.327,4.312,29.08
fd12,static,128GB,8,19.65,4.313,19.064
fd12,static,128GB,16,18.669,4.31,19.149
fd12,static,128GB,32,16.957,4.296,17.113
fd12,static,128GB,64,14.171,4.2,14.604
fd12,static,32GB,1,3.697,4.31,6.386
fd12,static,32GB,2,19.532,4.312,19.301
fd12,static,32GB,4,26.053,4.312,25.896
fd12,static,32GB,8,24.656,4.313,26.088
fd12,static,32GB,16,14.998,4.313,12.646
fd12,static,32GB,32,16.364,4.297,16.095
fd12,static,32GB,64,13.384,4.204,13.118
fd12,static,64GB,1,0.707,4.311,1.047
fd12,static,64GB,2,37.242,4.313,43.265
fd12,static,64GB,4,32.903,4.313,38.648
fd12,static,64GB,8,28.893,4.312,34.317
fd12,static,64GB,16,19.728,4.31,22.131
fd12,static,64GB,32,16.793,4.293,16.797
fd12,static,64GB,64,17.465,3.602,18.775
human_gene2,dynamic,128GB,1,40.036,5.883,51.654
human_gene2,dynamic,128GB,2,39.287,5.883,51.958
human_gene2,dynamic,128GB,4,39.858,5.89,51.242
human_gene2,dynamic,128GB,8,43.405,5.893,48.99
human_gene2,dynamic,128GB,16,43.14,5.893,50.962
human_gene2,dynamic,128GB,32,39.688,5.883,45.592
human_gene2,dynamic,128GB,64,43.674,5.891,49.095
human_gene2,dynamic,32GB,1,43.845,5.892,48.93
human_gene2,dynamic,32GB,2,43.793,5.892,47.587
human_gene2,dynamic,32GB,4,44.117,5.889,48.277
human_gene2,dynamic,32GB,8,43.214,5.892,49.919
human_gene2,dynamic,32GB,16,44.091,5.89,48.911
human_gene2,dynamic,32GB,32,44.134,5.888,47.97
human_gene2,dynamic,32GB,64,43.262,5.892,49.21
human_gene2,dynamic,64GB,1,43.452,5.892,49.33
human_gene2,dynamic,64GB,2,43.13,5.893,49.844
human_gene2,dynamic,64GB,4,43.402,5.892,49.518
human_gene2,dynamic,64GB,8,42.676,5.893,50.368
human_gene2,dynamic,64GB,16,28.375,5.883,43.294
human_gene2,dynamic,64GB,32,28.369,5.883,39.51
human_gene2,dynamic,64GB,64,28.578,5.882,38.762
human_gene2,guided,128GB,1,39.255,5.883,51.538
human_gene2,guided,128GB,2,43.067,5.893,50.423
human_gene2,guided,128GB,4,42.668,5.893,52.161
human_gene2,guided,128GB,8,39.075,5.883,50.638
human_gene2,guided,128GB,16,28.115,5.889,46.173
human_gene2,guided,128GB,32,28.874,5.882,39.087
human_gene2,guided,128GB,64,28.54,5.882,39.765
human_gene2,guided,32GB,1,53.948,5.89,55.245
human_gene2,guided,32GB,2,40.266,5.893,49.866
human_gene2,guided,32GB,4,27.479,5.893,46.132
human_gene2,guided,32GB,8,39.944,5.886,51.894
human_gene2,guided,32GB,16,39.586,5.883,50.999
human_gene2,guided,32GB,32,39.243,5.883,51.343
human_gene2,guided,32GB,64,39.786,5.881,46.472
human_gene2,guided,64GB,1,39.755,5.886,51.659
human_gene2,guided,64GB,2,39.939,5.883,50.581
human_gene2,guided,64GB,4,39.77,5.883,51.931
human_gene2,guided,64GB,8,39.47,5.883,50.29
human_gene2,guided,64GB,16,39.143,5.883,50.938
human_gene2,guided,64GB,32,42.877,5.892,50.397
human_gene2,guided,64GB,64,42.674,5.891,51.993
human_gene2,static,128GB,1,27.654,5.89,45.843
human_gene2,static,128GB,2,39.493,5.883,51.288
human_gene2,static,128GB,4,39.66,5.883,52.588
human_gene2,static,128GB,8,39.501,5.883,51.194
human_gene2,static,128GB,16,28.173,5.883,40.581
human_gene2,static,128GB,32,27.845,5.886,45.498
human_gene2,static,128GB,64,39.983,5.881,51.846
human_gene2,static,32GB,1,27.678,5.883,45.336
human_gene2,static,32GB,2,45.173,5.883,47.739
human_gene2,static,32GB,4,28.022,5.883,42.931
human_gene2,static,32GB,8,28.525,5.883,38.82
human_gene2,static,32GB,16,28.335,5.883,40.105
human_gene2,static,32GB,32,27.126,5.892,44.484
human_gene2,static,32GB,64,27.918,5.887,44.745
human_gene2,static,64GB,1,42.894,5.893,50.476
human_gene2,static,64GB,2,43.053,5.893,50.796
human_gene2,static,64GB,4,39.615,5.883,46.011
human_gene2,static,64GB,8,39.677,5.883,51.526
human_gene2,static,64GB,16,28.285,5.886,45.156
human_gene2,static,64GB,32,28.071,5.882,43.034
human_gene2,static,64GB,64,28.29,5.882,38.45
sinc12,dynamic,128GB,1,0.396,4.704,4.599
sinc12,dynamic,128GB,2,1.314,4.708,13.293
sinc12,dynamic,128GB,4,2.167,4.709,20.325
sinc12,dynamic,128GB,8,1.777,4.71,16.892
sinc12,dynamic,128GB,16,0.937,4.709,12.593
sinc12,dynamic,128GB,32,1.029,4.705,15.115
sinc12,dynamic,128GB,64,1.118,4.593,14.966
sinc12,dynamic,32GB,1,0.416,4.704,3.625
sinc12,dynamic,32GB,2,1.791,4.719,13.314
sinc12,dynamic,32GB,4,2.507,4.71,22.955
sinc12,dynamic,32GB,8,1.92,4.71,16.682
sinc12,dynamic,32GB,16,1.584,4.709,16.956
sinc12,dynamic,32GB,32,1.241,4.705,16.358
sinc12,dynamic,32GB,64,1.003,4.597,14.753
sinc12,dynamic,64GB,1,0.448,4.704,5.502
sinc12,dynamic,64GB,2,1.655,4.708,16.721
sinc12,dynamic,64GB,4,2.567,4.71,23.82
sinc12,dynamic,64GB,8,1.728,4.71,17.227
sinc12,dynamic,64GB,16,1.176,4.709,15.59
sinc12,dynamic,64GB,32,1.028,4.705,16.055
sinc12,dynamic,64GB,64,1.078,4.589,15.18
sinc12,guided,128GB,1,0.206,4.706,0.619
sinc12,guided,128GB,2,0.301,4.706,1.118
sinc12,guided,128GB,4,0.451,4.706,4.128
sinc12,guided,128GB,8,0.457,4.706,4.246
sinc12,guided,128GB,16,0.475,4.704,2.921
sinc12,guided,128GB,32,0.743,4.706,6.211
sinc12,guided,128GB,64,0.787,4.701,6.007
sinc12,guided,32GB,1,0.145,4.706,0.468
sinc12,guided,32GB,2,0.292,4.706,1.04
sinc12,guided,32GB,4,0.774,4.707,7.766
sinc12,guided,32GB,8,0.79,4.707,8.565
sinc12,guided,32GB,16,0.649,4.705,4.617
sinc12,guided,32GB,32,0.628,4.705,4.918
sinc12,guided,32GB,64,0.796,4.702,6.007
sinc12,guided,64GB,1,0.143,4.706,0.67
sinc12,guided,64GB,2,0.32,4.706,1.214
sinc12,guided,64GB,4,0.509,4.706,4.466
sinc12,guided,64GB,8,0.875,4.707,10.083
sinc12,guided,64GB,16,0.579,4.705,4.483
sinc12,guided,64GB,32,0.649,4.705,4.62
sinc12,guided,64GB,64,0.718,4.702,5.739
sinc12,static,128GB,1,0.214,4.705,0.617
sinc12,static,128GB,2,0.719,4.705,2.728
sinc12,static,128GB,4,0.512,4.706,3.729
sinc12,static,128GB,8,0.465,4.705,2.944
sinc12,static,128GB,16,0.534,4.704,3.157
sinc12,static,128GB,32,0.429,4.699,3.236
sinc12,static,128GB,64,0.672,4.7,6.206
sinc12,static,32GB,1,0.389,4.705,2.472
sinc12,static,32GB,2,0.315,4.705,1.218
sinc12,static,32GB,4,0.628,4.707,6.531
sinc12,static,32GB,8,0.565,4.706,3.615
sinc12,static,32GB,16,0.549,4.704,3.158
sinc12,static,32GB,32,0.552,4.7,3.613
sinc12,static,32GB,64,0.772,4.7,6.219
sinc12,static,64GB,1,0.156,4.706,0.625
sinc12,static,64GB,2,0.29,4.706,0.927
sinc12,static,64GB,4,0.583,4.705,5.58
sinc12,static,64GB,8,0.604,4.707,5.342
sinc12,static,64GB,16,0.714,4.705,4.917
sinc12,static,64GB,32,0.67,4.704,4.884
sinc12,static,64GB,64,0.709,4.7,5.078
