matrix,scheduling,memory,threads,p90_runtime_ms
c-46,dynamic,128GB,1,0.843725
c-46,dynamic,128GB,2,2.628988
c-46,dynamic,128GB,4,2.214199
c-46,dynamic,128GB,8,2.164944
c-46,dynamic,128GB,16,1.891083
c-46,dynamic,128GB,32,1.949802
c-46,dynamic,128GB,64,12.39521
c-46,dynamic,32GB,1,0.744371
c-46,dynamic,32GB,2,2.707362
c-46,dynamic,32GB,4,3.096298
c-46,dynamic,32GB,8,2.242643
c-46,dynamic,32GB,16,1.902717
c-46,dynamic,32GB,32,1.946729
c-46,dynamic,32GB,64,12.31922
c-46,dynamic,64GB,1,0.742818
c-46,dynamic,64GB,2,2.780075
c-46,dynamic,64GB,4,3.079985
c-46,dynamic,64GB,8,1.978277
c-46,dynamic,64GB,16,1.775722
c-46,dynamic,64GB,32,1.84349
c-46,dynamic,64GB,64,3.065969
c-46,guided,128GB,1,0.675668
c-46,guided,128GB,2,0.623644
c-46,guided,128GB,4,0.985518
c-46,guided,128GB,8,0.481114
c-46,guided,128GB,16,0.674366
c-46,guided,128GB,32,0.956161
c-46,guided,128GB,64,1.644695
c-46,guided,32GB,1,0.575175
c-46,guided,32GB,2,0.584723
c-46,guided,32GB,4,0.541848
c-46,guided,32GB,8,0.500123
c-46,guided,32GB,16,1.097065
c-46,guided,32GB,32,1.311498
c-46,guided,32GB,64,1.909338
c-46,guided,64GB,1,0.698278
c-46,guided,64GB,2,0.617291
c-46,guided,64GB,4,0.535701
c-46,guided,64GB,8,0.510329
c-46,guided,64GB,16,0.630022
c-46,guided,64GB,32,0.930992
c-46,guided,64GB,64,10.73544
c-46,static,128GB,1,0.679294
c-46,static,128GB,2,1.000847
c-46,static,128GB,4,0.661572
c-46,static,128GB,8,0.518032
c-46,static,128GB,16,0.595224
c-46,static,128GB,32,0.880878
c-46,static,128GB,64,10.76276
c-46,static,32GB,1,0.640632
c-46,static,32GB,2,0.994992
c-46,static,32GB,4,0.673466
c-46,static,32GB,8,0.502199
c-46,static,32GB,16,0.596891
c-46,static,32GB,32,0.836224
c-46,static,32GB,64,1.619547
c-46,static,64GB,1,0.620493
c-46,static,64GB,2,1.008397
c-46,static,64GB,4,0.665179
c-46,static,64GB,8,0.515076
c-46,static,64GB,16,0.555181
c-46,static,64GB,32,0.848386
c-46,static,64GB,64,1.541272
epb1,dynamic,128GB,1,0.66818
epb1,dynamic,128GB,2,2.476784
epb1,dynamic,128GB,4,2.138684
epb1,dynamic,128GB,8,2.226273
epb1,dynamic,128GB,16,1.986627
epb1,dynamic,128GB,32,2.026275
epb1,dynamic,128GB,64,11.72786
epb1,dynamic,32GB,1,0.585571
epb1,dynamic,32GB,2,2.649806
epb1,dynamic,32GB,4,3.087439
epb1,dynamic,32GB,8,2.231832
epb1,dynamic,32GB,16,1.987129
epb1,dynamic,32GB,32,2.129528
epb1,dynamic,32GB,64,11.62765
epb1,dynamic,64GB,1,0.621848
epb1,dynamic,64GB,2,2.742114
epb1,dynamic,64GB,4,3.035021
epb1,dynamic,64GB,8,2.223428
epb1,dynamic,64GB,16,1.862468
epb1,dynamic,64GB,32,1.941742
epb1,dynamic,64GB,64,2.557633
epb1,guided,128GB,1,0.510073
epb1,guided,128GB,2,0.570248
epb1,guided,128GB,4,0.529064
epb1,guided,128GB,8,0.411509
epb1,guided,128GB,16,0.470889
epb1,guided,128GB,32,0.836646
epb1,guided,128GB,64,1.578795
epb1,guided,32GB,1,0.428913
epb1,guided,32GB,2,0.536057
epb1,guided,32GB,4,0.498759
epb1,guided,32GB,8,0.399122
epb1,guided,32GB,16,0.47609
epb1,guided,32GB,32,0.772788
epb1,guided,32GB,64,1.674406
epb1,guided,64GB,1,0.5325
epb1,guided,64GB,2,0.58461
epb1,guided,64GB,4,0.494818
epb1,guided,64GB,8,0.404345
epb1,guided,64GB,16,0.479241
epb1,guided,64GB,32,0.82214
epb1,guided,64GB,64,10.63643
epb1,static,128GB,1,0.507575
epb1,static,128GB,2,0.926097
epb1,static,128GB,4,0.590872
epb1,static,128GB,8,0.472938
epb1,static,128GB,16,0.525588
epb1,static,128GB,32,0.808576
epb1,static,128GB,64,11.24492
epb1,static,32GB,1,0.476945
epb1,static,32GB,2,0.92735
epb1,static,32GB,4,0.895905
epb1,static,32GB,8,0.50408
epb1,static,32GB,16,0.535486
epb1,static,32GB,32,0.761499
epb1,static,32GB,64,1.46363
epb1,static,64GB,1,0.462307
epb1,static,64GB,2,0.964964
epb1,static,64GB,4,0.616729
epb1,static,64GB,8,0.534159
epb1,static,64GB,16,0.5178
epb1,static,64GB,32,0.769738
epb1,static,64GB,64,10.52744
fd12,dynamic,128GB,1,0.272459
fd12,dynamic,128GB,2,1.329231
fd12,dynamic,128GB,4,1.220287
fd12,dynamic,128GB,8,1.230809
fd12,dynamic,128GB,16,1.182856
fd12,dynamic,128GB,32,1.412289
fd12,dynamic,128GB,64,11.00374
fd12,dynamic,32GB,1,0.247386
fd12,dynamic,32GB,2,1.534574
fd12,dynamic,32GB,4,1.555035
fd12,dynamic,32GB,8,1.229536
fd12,dynamic,32GB,16,1.178924
fd12,dynamic,32GB,32,1.411912
fd12,dynamic,32GB,64,10.99127
fd12,dynamic,64GB,1,0.248704
fd12,dynamic,64GB,2,1.477162
fd12,dynamic,64GB,4,1.569352
fd12,dynamic,64GB,8,1.229393
fd12,dynamic,64GB,16,1.142907
fd12,dynamic,64GB,32,1.329122
fd12,dynamic,64GB,64,2.018461
fd12,guided,128GB,1,0.168714
fd12,guided,128GB,2,0.298259
fd12,guided,128GB,4,0.304361
fd12,guided,128GB,8,0.296214
fd12,guided,128GB,16,0.432847
fd12,guided,128GB,32,0.81581
fd12,guided,128GB,64,10.56405
fd12,guided,32GB,1,0.157442
fd12,guided,32GB,2,0.244686
fd12,guided,32GB,4,0.295169
fd12,guided,32GB,8,0.293529
fd12,guided,32GB,16,0.429075
fd12,guided,32GB,32,0.779871
fd12,guided,32GB,64,1.595318
fd12,guided,64GB,1,0.189839
fd12,guided,64GB,2,0.30952
fd12,guided,64GB,4,0.264145
fd12,guided,64GB,8,0.295303
fd12,guided,64GB,16,0.428068
fd12,guided,64GB,32,0.805489
fd12,guided,64GB,64,10.5915
fd12,static,128GB,1,0.175149
fd12,static,128GB,2,0.376754
fd12,static,128GB,4,0.310307
fd12,static,128GB,8,0.321457
fd12,static,128GB,16,0.455347
fd12,static,128GB,32,0.749699
fd12,static,128GB,64,10.73977
fd12,static,32GB,1,0.155594
fd12,static,32GB,2,0.381482
fd12,static,32GB,4,0.35743
fd12,static,32GB,8,0.313534
fd12,static,32GB,16,0.4548
fd12,static,32GB,32,0.715324
fd12,static,32GB,64,1.496382
fd12,static,64GB,1,0.152647
fd12,static,64GB,2,0.260358
fd12,static,64GB,4,0.353529
fd12,static,64GB,8,0.304044
fd12,static,64GB,16,0.591454
fd12,static,64GB,32,0.787742
fd12,static,64GB,64,1.489638
human_gene2,dynamic,128GB,1,216.1864
human_gene2,dynamic,128GB,2,54.70913
human_gene2,dynamic,128GB,4,123.8592
human_gene2,dynamic,128GB,8,15.9288
human_gene2,dynamic,128GB,16,48.79163
human_gene2,dynamic,128GB,32,49.0692
human_gene2,dynamic,128GB,64,64.65959
human_gene2,dynamic,32GB,1,117.505
human_gene2,dynamic,32GB,2,139.4941
human_gene2,dynamic,32GB,4,137.6239
human_gene2,dynamic,32GB,8,131.0073
human_gene2,dynamic,32GB,16,168.1012
human_gene2,dynamic,32GB,32,296.2833
human_gene2,dynamic,32GB,64,306.8622
human_gene2,dynamic,64GB,1,102.5019
human_gene2,dynamic,64GB,2,109.7161
human_gene2,dynamic,64GB,4,110.988
human_gene2,dynamic,64GB,8,88.7551
human_gene2,dynamic,64GB,16,72.58135
human_gene2,dynamic,64GB,32,78.98747
human_gene2,dynamic,64GB,64,58.48677
human_gene2,guided,128GB,1,128.5213
human_gene2,guided,128GB,2,73.1396
human_gene2,guided,128GB,4,115.6906
human_gene2,guided,128GB,8,18.04497
human_gene2,guided,128GB,16,14.40676
human_gene2,guided,128GB,32,18.07284
human_gene2,guided,128GB,64,36.30594
human_gene2,guided,32GB,1,124.0474
human_gene2,guided,32GB,2,118.3454
human_gene2,guided,32GB,4,111.9502
human_gene2,guided,32GB,8,73.03798
human_gene2,guided,32GB,16,75.55866
human_gene2,guided,32GB,32,71.72858
human_gene2,guided,32GB,64,63.71607
human_gene2,guided,64GB,1,196.8733
human_gene2,guided,64GB,2,110.5137
human_gene2,guided,64GB,4,90.03897
human_gene2,guided,64GB,8,85.02152
human_gene2,guided,64GB,16,62.34817
human_gene2,guided,64GB,32,43.78716
human_gene2,guided,64GB,64,50.86581
human_gene2,static,128GB,1,215.6254
human_gene2,static,128GB,2,43.28579
human_gene2,static,128GB,4,30.62604
human_gene2,static,128GB,8,17.91001
human_gene2,static,128GB,16,15.9457
human_gene2,static,128GB,32,13.52843
human_gene2,static,128GB,64,80.17541
human_gene2,static,32GB,1,79.75865
human_gene2,static,32GB,2,46.80606
human_gene2,static,32GB,4,34.00704
human_gene2,static,32GB,8,18.43689
human_gene2,static,32GB,16,13.00347
human_gene2,static,32GB,32,18.26155
human_gene2,static,32GB,64,73.11291
human_gene2,static,64GB,1,213.806
human_gene2,static,64GB,2,154.0167
human_gene2,static,64GB,4,27.67424
human_gene2,static,64GB,8,19.26903
human_gene2,static,64GB,16,14.33003
human_gene2,static,64GB,32,16.21937
human_gene2,static,64GB,64,38.15421
sinc12,dynamic,128GB,1,1.554331
sinc12,dynamic,128GB,2,1.865464
sinc12,dynamic,128GB,4,1.53726
sinc12,dynamic,128GB,8,1.564505
sinc12,dynamic,128GB,16,1.366216
sinc12,dynamic,128GB,32,1.437763
sinc12,dynamic,128GB,64,11.05165
sinc12,dynamic,32GB,1,1.410093
sinc12,dynamic,32GB,2,1.854425
sinc12,dynamic,32GB,4,2.29904
sinc12,dynamic,32GB,8,1.589244
sinc12,dynamic,32GB,16,1.357842
sinc12,dynamic,32GB,32,1.416345
sinc12,dynamic,32GB,64,11.04502
sinc12,dynamic,64GB,1,1.407159
sinc12,dynamic,64GB,2,1.865417
sinc12,dynamic,64GB,4,1.584226
sinc12,dynamic,64GB,8,1.332264
sinc12,dynamic,64GB,16,1.400861
sinc12,dynamic,64GB,32,1.429934
sinc12,dynamic,64GB,64,11.10196
sinc12,guided,128GB,1,1.320381
sinc12,guided,128GB,2,1.292442
sinc12,guided,128GB,4,1.226863
sinc12,guided,128GB,8,0.849052
sinc12,guided,128GB,16,0.917722
sinc12,guided,128GB,32,0.916075
sinc12,guided,128GB,64,10.7125
sinc12,guided,32GB,1,1.321073
sinc12,guided,32GB,2,1.370406
sinc12,guided,32GB,4,1.171476
sinc12,guided,32GB,8,0.823718
sinc12,guided,32GB,16,0.921094
sinc12,guided,32GB,32,0.943715
sinc12,guided,32GB,64,1.66319
sinc12,guided,64GB,1,1.468037
sinc12,guided,64GB,2,1.411042
sinc12,guided,64GB,4,1.123382
sinc12,guided,64GB,8,0.848023
sinc12,guided,64GB,16,0.916262
sinc12,guided,64GB,32,0.933869
sinc12,guided,64GB,64,10.61147
sinc12,static,128GB,1,1.463869
sinc12,static,128GB,2,1.529906
sinc12,static,128GB,4,1.334146
sinc12,static,128GB,8,0.944589
sinc12,static,128GB,16,0.754533
sinc12,static,128GB,32,0.989436
sinc12,static,128GB,64,1.421362
sinc12,static,32GB,1,1.395092
sinc12,static,32GB,2,1.463268
sinc12,static,32GB,4,1.335014
sinc12,static,32GB,8,0.891856
sinc12,static,32GB,16,0.797507
sinc12,static,32GB,32,0.948152
sinc12,static,32GB,64,1.497268
sinc12,static,64GB,1,1.351686
sinc12,static,64GB,2,1.432273
sinc12,static,64GB,4,1.373276
sinc12,static,64GB,8,0.894927
sinc12,static,64GB,16,0.744049
sinc12,static,64GB,32,0.980522
sinc12,static,64GB,64,1.489174
